address,Label
1G6kVJsdK5NSFvVa3sKvuAzj92EK4yq1nZ,GRU
1A3NeNBWcR3npLSZQCxsTCAsHUYTQBkWc,GRU
1PzhMfvEdU5Arh2zZfzUVHKLUc2GsMuUws,GRU
189KP8dFZHiHhBRjP3w3bjkA96fGBnpc85,GRU
1yMjjtg9B2VHyDG5J1dVejgJUr5CA4EyH,GRU
1Pf3fCAkmFH5TrNngmKs9th9f75xNkHovQ,GRU
18Fzh6n6agDfxR3hT6s2TE8A4T8aWKpDWj,GRU
1DLA46sXYps3PdS3HpGfdt9MbQpo6FytPm,SVR
1JoHq7tYLuBZwNNh1VUyoevejFzVsu3WRG,SVR
1L5QKvh2Fc86j947rZt12rX1EFrCGb2uPf,SVR
1Au1brX7km4yHjTqYyAxL3LyMCkLqhXukp,GRU
16chcAK75pcNqoCd9e1EZ6XkCtyVnwTfpD,FSB
39eFkkjKpH1jV7ELzU7Hk7TsErNdXwVyTU,FSB
3FtaEu1orGLafs47gwrp8RyWyvtpLPL4n9,FSB
3QRgXDZT3xyMm27iGnZeYHnnGyoSBRX7d1,FSB
1D5xovu8XqxpYyNRE3bp7KmWKZY8EJpmZ3,GRU
19Bye27zS4HXXqdwaim735qjdbi23etNNY,GRU
1CVbHdFFgMrg66YW8b3xjVY5VGVts4q8NS,GRU
11JtBJjkmriGGN19nemyZxL4KTsKGZRLa,GRU
112Ly24dshK1sPuJ7TVJZGJPZNVunDtzhj,GRU
1JfxXUTKL9dbJmhXPaVBsGbnadAwncETE,GRU
1NdtRibGeTgYr4CwwJi9JCCe8pmPiarJW,GRU
1RSrGsAHtZhLBKV7HmCAkUK7bhrVDP9cy,GRU
1WnH64iFs3E5otGowtFK26xmKSEUWwnYo,GRU
1cpu7jjzhbT9FQY8aRz26Uc6j8cprW7Zz,GRU
1drxFBUSTyCWTxJTo3M3FAiPuXEPfVjBb,GRU
1h4zCYtJSyMsobiBhaogfNjsTQBGnyVQW,GRU
1iBSsio5VnMGCNZaBemqH6T8mabjKnAMo,GRU
1nruJQHY7wbYLMnYTfizHSNJow61GdkUV,GRU
1oEH4V4htV7LVzZzDFzfwuKfnR7obhLVi,GRU
1qajQqcRdvHCdRhMUoRxZr2AGTUeF7G4o,GRU
1qbmvueKdiDH19pkBmbWVxEDJmSQZb57J,GRU
1vpr4PDoV1XUcYaNxoXFapGeWmHYYs7xc,GRU
1wbstDfKjhX66HADy67dWqhskeLmn13yQ,GRU
1ybCZd6YdF8KPTqjT5pH6qgHvvNQpfup7,GRU
12FtrB62g6TzbtzBSJyRd4TXKjYqXrctxe,GRU
12GJ6NABy9uTgDvM6eWCdQ6Hy1hsTznTsy,GRU
12QFgTAyAnP2AdYZYPTBNsK1PZwUxP7k2V,GRU
12cxyTsBcirQhCGrjv9iRhhQ1E5W7nQHRM,GRU
12oMZS3WLAF4R8uZYkxujBwAMq5rsuZ3t4,GRU
12uh9ewKMWTGefaMp3iJSsofojki5pyu5w,GRU
12vgSGaMXmvY37ucgRqzGvUBuKGL2YH9CN,GRU
136dDpdpuGNJA2oKQ4ZQUJCPBJx3kUymSU,GRU
138wgRqUJy5ABxNVxHZ9Cyh9fasizkMhR6,GRU
13H83wtBvXpc3YPNeeibVfe2i9sL553w4G,GRU
13RKQSsRe1PhHF5vRzDWKjCZMa32YGx7wi,GRU
13h7Z96X9r514t3EARMJnVizGBs8CHH5Je,GRU
13okp8VdumCmY2Ggk51cNa7xcCwQHb2vLG,GRU
13pJkhwF3p6sa9AN5CKMTqqoychWYfPCmm,GRU
13xbr2X56oYzbndFHMMwoLP1vveFHd7yMz,GRU
13ytv2dnTC1ErmQG5ayLc8eofxam1Erj7k,GRU
14E19uM7mYto1kw2iP7QWijQiyNHALaza7,GRU
14GJNAAHiu9KtJ8Kpbfaki4ANjnonebiMw,GRU
14H2HRBy2Fma1Cxc55yd9ymt19fGZtL3aR,GRU
14LW9M6ymDXqdr7V8drgxK7rBwjJNaGcFN,GRU
14aoXQYoMvodWdsbnra5WhgBuEVnPAgJtH,GRU
14dpUN8B12qvTjpWLgHcMvzBa3Z8qKBxMB,GRU
14iiEANzMNYHGKbYWvVeVP1LZXpmdvNN5W,GRU
14naxZeSqj2vQb2NVR2dYUeDNWMQf7j3Dv,GRU
14pzEsY629JfdvVtPWLt765o2juL3EmmTt,GRU
14reu8EAxeZAicko7Fv1CxLtFVJ9o4778L,GRU
151sy38ZZZVmLUr9dcrW9Yp4KDAMwRr6hw,GRU
1547A26BiPNWcGB6jvJ5gEXvYsmVVYNywk,GRU
155P8hfyEcYvA9KxSLC7j2tbRNjSQK1qih,GRU
156SQuGamNGDwCbZ3LHqscCpjyS7QzjD2F,GRU
158GkTiuexWK5xc4q2PYnXvbxaBSgHbLkX,GRU
1594on5HBqWgpxLsvGKdijccdEpxJ5pjZV,GRU
159bqDpeUxR1VSsm6jZmLASBQs9WySTmpT,GRU
15Dt9cSa8bnfAA5WHgpUigm6ZS22iw2UhF,GRU
15TZPXg4W8urnPGVQYjzZXcLADW7JZmNqg,GRU
15VSPvYMdbBBD2ZsesZf2iRrFwrFPEXGGM,GRU
15YY7qDZJNZaWFqR7p7YgeEEJaXcnpmJJG,GRU
15ZXiX22uFNsNqymLkbrG2nPcb62AgbxZT,GRU
15nByXPJdJQjqkmHXMfFKcQVy9XfZYkNKh,GRU
15o2TneCktJPj3WreFdjp4RDQjKXyy4peb,GRU
15o9er4FeZ1D1JmpGg521TujBaq9UcUAUr,GRU
15vWMumwMnAVmTowWYh4PJRGh7csfa94B1,GRU
1649Dw8X2LjuxHDqKoRvsQT4UBdDWBqaHe,GRU
1665X49CtGd83vetbw88beQndaLKaUjqgp,GRU
169M6rWpjJzXd15p97iASprkB22z8ZvHgt,GRU
169kQZpuhMj2df3yMLZku9QBR3AtVZyiv2,GRU
16EJRj8HwRwBFdXLgEQF17KceGvRTNyFxK,GRU
16FWDDv1JtVfCpwKRRxEpYYS2t8nR2rqbU,GRU
16eLwMXxJF5HrkjLgqNuF4dxvEyFRQTSAj,GRU
16itJ5FTDZFBzJAxYeBkvTnV3EsnnyFRFy,GRU
16m6rTrJYnSBR2csVzY5VtVcHiSxBqMgEy,GRU
16rhKTvYmrDYXtYjv4LyZgfCB4soqCF8Mh,GRU
16vPJYLx8tMhScUEY3Ek9kfevHiPCXEp8s,GRU
16xdGZ7BKrfhcHBBSwQ1WPtcEGyTdkoFiS,GRU
16xocgztcdgkgcxMNeeYbXPwFm6JTSitmL,GRU
16y7S8v8iKXeudmCiViyBMHWwiZSJNQsx6,GRU
17491pCV5G9zy1kM6pfMEBV1B4Yy4HAYjL,GRU
174s1xpv487wEG5p9uYttmXaNbiok7LV2K,GRU
17Ag9g8XG2MCSXL7GiE2AuWLjUdWUZRSnq,GRU
17DimaYPr39M1466EE7z2SHLWXoG9SnCtk,GRU
17Lz4AFXsFG9kTrfpmjUiPHjMZPBc2S5di,GRU
17NJR3rXsSviNeFfQDNxj5VP4XnFmNHpcB,GRU
17REkyHxvD1v7fMYHpgU19vuGFUVGeG9zd,GRU
17Sa99cN9CvaPKVxxaka2VbDVEtygRiaQZ,GRU
17Ubcwit4yx4qqGiUkC9ihEE1D17aBE1KJ,GRU
17Y4EW42xggv89huTJL2z1Bk48rFu7N9sC,GRU
17sax2DijttjXur2Kr4XTRhjAu2ysjvcYJ,GRU
17ue8XABuU66tYBPNkTRB6GXZ6yNYGRYsk,GRU
17vzPfMHLoeHtySj3CNDG6EwjDkTryhj97,GRU
17yZRCmNR3LJWWmQd51MVWi4SKGvvEzcTB,GRU
18H5nr47tja5ZGVLqASwFpKoShFpV53DJp,GRU
18MpfhvMzXib71Yh7r9SsFjBztwWVPZTWn,GRU
18N9jzCDsV9ekiLW8jJSA1rXDXw1Yx4hDh,GRU
18PM1Srfp9Pi4CYZmWu8D1fUnQZkaFoSJj,GRU
18PkMDWeDGzQ7rsPz3wwqERsT7Joc4eXuF,GRU
18STxVQoxgAMcEZqg7S2GenhyTH1mZqzg9,GRU
18dUjghcSukCcWDVJ7cNirmAj1T6GvyKAQ,GRU
18hBLozqp593bqY1dkEif8Z4RfkPzVv7dT,GRU
18qFeEXh6BzCnXXxUhHDQABo55DRXBEKhV,GRU
199jtw4H4jFXjpvEiUyzudZjkHFupRov8w,GRU
19V2GugeRDvEaDrgayRDAvxnordMk6vUsR,GRU
19X9HM1QiWVA2xk7aGczUynJXCqcnsMFgP,GRU
19aWRP9xmJUYCtmqGq7uKspMcB1HH3wyQb,GRU
19b1qK2zywFzpogvrrsc2fvd8h4PA75f4E,GRU
19b5H7uqs43UCJewkekrwfTbHZbDPmha7p,GRU
19brQaRrGUnwtutF6fucgavHYVqyenpY5Z,GRU
19cCUgp3EHNG46sQiRNV2BEmp5MLsfswdN,GRU
19isggp2DCg921ZUiihpTLU9jFaEBY1oSc,GRU
19mCopjQzTuJs8svzcFWQhJfkNy3UHerh8,GRU
19q6WnbFzZwfSvMX9L6okLiPSyQc26B8MG,GRU
19rRChkaNJLb5Y2fDSKBa7fhR2Z5Eq33xG,GRU
19scDThviKtknW74UtNvmWJEnWD9M1DS3p,GRU
19suijh36h5UhvBy9CTE8k2GsBAn8kXdAU,GRU
1A21tphz9zuD1U7n4Md1EcANva9fStVgSa,GRU
1A2Z81F1GUcvfQdpmfFEs324geC9aJkoTM,GRU
1A9SuVCspwy5Nx4pRs7QqPGkQzk5kWK3UP,GRU
1AEkMTNRXmW4P6KhAJouogUfa8zrnrYedq,GRU
1AF98PpCTyc19sjqYNY7NhGHC9pE6YEX2X,GRU
1AFe8BSgWpmaxT5U7RD2jAza1rcuGZgSMn,GRU
1APyXiLozJwcAccL4gVWbbb7sY1ieY1Dho,GRU
1AUaHvcrjRk5vjNC4VnzUEBHD2tHcBUEYT,GRU
1AXV8mh1kr9wbDdUffpFMPLdb8XXxoQXsf,GRU
1AiEn3xinb6K8Xp8ZTa9zAmuhbdEnisNXk,GRU
1AmkrYCSBoDyiHCoyKpPhf4rCiSd3QPYBD,GRU
1Apy19CqxhjEBN4wwu2jTvVCC6xcn3tQkf,GRU
1B2vsuCkysWTQHjB6ifFEFEWMFi26so2Sj,GRU
1B6ZAxRKFwC47Ker7uviUUmLze8vTHehmP,GRU
1B7ML2MNA3jj2aTWzbzuY4rJ1VsvzNwcnv,GRU
1BGknG436dns61WCXQySAzqbk9Bpztzyuk,GRU
1BXgPMkQynxv8JUTEH2yynCXaJwkqwrXNJ,GRU
1BY7QxRKMsTACSvJesa56mqyqoUNd7NzpR,GRU
1BYitRAKvR3xsBSAtzuWxcz6C5ZFz6SQhY,GRU
1BhBk3hh2GjSKY2J5s4p4YFJNJPyBBRVmg,GRU
1BhpPpkcAFiqERTcTYcVKvsfrsyEqa6dvy,GRU
1Bi4rutzNMziEUyU5EEs7mdDiJq8aq73y8,GRU
1Bk7msx72sPZzLpP6DCk1AZb3AotdYGXsc,GRU
1BkU1FjYUj3orA7QwXHKVMCXPRXyP1YKYL,GRU
1BnaPKDx1USJoLQdF38PZEEhkSMegECobC,GRU
1BncyGa7tCq7jEo8oF2vjfLTZWiJG99cA4,GRU
1BuUuRJVTjz1ZPR9as8WLJjeRhSbmLY8Lb,GRU
1CBRmAirKsnWR8g9r7N5QYxXkvHhLMY1KL,GRU
1CHJaRFGqFJ7T7zZehmX9t9KTLvYaQVz6K,GRU
1CMugHhsSf8Bzrp142BpvUynWBR1RiqMCk,GRU
1CWAXP6PaPz8NG63FvErXzLLHdGV6eeEhN,GRU
1CdhqrFMRKzycFRg7AqobfB8LgfBKt7Lic,GRU
1Cgyc7tiZoB5qf38T4Bt5HRGwyfGvVcfqD,GRU
1Ct4rcpNiB7VgwQgx8VrNfxefBr6tj3WjL,GRU
1CtSxxmz73KBnsNZbHpWroUfw7h2X7UCnB,GRU
1D6J6Y1sphGcM84oweALnHAoGFhjkgEsS9,GRU
1DCSekreJKMpaGZQvj2DnYZMMHJAboStZB,GRU
1DCXXWW3CgyQLZX2dinnGDbHTs7CmyDCVC,GRU
1DFRVTphu72ccdXFbxrSd6BTgeKnT8hgMH,GRU
1DGW3L1ZPBd2b1tBpaNw5AFCKgJd7ayYFf,GRU
1DT6gshqVaybBF3PNojGwdVzhJt7ZP4fFq,GRU
1DUydzVdBpngderwjXDgTuHaQtDoXUWEGM,GRU
1DeQK9akc6ZDnKfVMt4zaY2iCBerxzo2m3,GRU
1DhDUngWj7Y3C4Nx4gDgCeMEw5v34zxF3m,GRU
1DnNJNpYvztLP1hixSqwCU1wNEpMYWfdGs,GRU
1Drs41nPYeFiVTwPnV4wVjeb1whTEX8VUZ,GRU
1DvWJEPHoYxM1NKpkrfxSdS7A9Aip5icfy,GRU
1E2G1Ba1vKmy42335cEqRF257B1LM25ZnD,GRU
1E2pbuRy8uDka2FQkxyuyP5DLivQRcAeEi,GRU
1EAFqyxJRh9Q1hwECZhyv12V1yPe19WZte,GRU
1EFYQPJurMFgb1ShqKzkGF68QdXDnKikmA,GRU
1EKNm19iYkdKFhDeuZXsWPDyQyMLjCCy4T,GRU
1EZEURUSWVWRWKz5atrNp6W1xG3UipZQrb,GRU
1Ea8zFRCk3eVH2BcaFRkxSA9boK6Vh5ZZt,GRU
1Ed844Q1BXsJ6qDAg1Wje29XUkJScK2C4g,GRU
1EdJbAcqA141cC8hPtDGcYxBZHtu7bXw4L,GRU
1Efqsy7MhtTpyA5329izYLwEp1Zdaj9EWg,GRU
1EopaXqYVdrLz11sSUhdTtqSYf4xJAqCps,GRU
1EswXscPWBnDQTGi4YU3VZrpvSqvc8tDt3,GRU
1EyRNxReQ19cierTZWPLbr4cgZXMNBf8Bp,GRU
1F4Q9wBZJr9NnpURdyC3DEy4vi5P7p1E9K,GRU
1F6UGxV7BXBAiFCJJTdJxZ9zt4MaWreuRS,GRU
1F9FCMe3uZeYqPc94dPnZCJ7SuGwCCRdmV,GRU
1FKQTMirK6s4HybHtBVQC8pZWo1Pqw7wY4,GRU
1FNXQMBbkJaBdcvE6nKQURhWT24RprX951,GRU
1FPfxzFP5uFH8k6n3JnQZFEh6MYz7g3W1D,GRU
1FQdaVfTmKq3Uj9bxfexwaok9KFi5nSbnc,GRU
1FUUULE3BCRCkbAcUZ6hFnY5eGCSVYeKqp,GRU
1FUct7CL9sR83UxbKvkkfjh9igMucVw3Nf,GRU
1FgfyR93Gfizx5emGkWjYoJXAWoKZcN6TK,GRU
1Fiv2tFuskFNfPSDziBPuwHUPWHRYekMon,GRU
1FkqwvbXx2V8x5MZ3Z9ahrKZ8sjviqYxSe,GRU
1Fm7VwPWtRVaaK2FJkx9pwZdx3NEVsXMNP,GRU
1FtJ7wffHAH8PM173pT2XBuM62ppYDSAV9,GRU
1FvupMBWKGENikkzdVgMjytgTJC763pqjh,GRU
1FxWgJUfgXBwAMuENojSpo3vfVg2P2xDxr,GRU
1G2BUuThwVpJYAfViEvpfAeGEik1vP4GM6,GRU
1G8f4hGhRD85UqbJGFeNR58467q4tD39gQ,GRU
1GJBqmmsyq14nVM1N3zCHGoPSCSpPW1TSe,GRU
1GMytZ8KYySG3BaTc6aLcvdQSHXGF6huPZ,GRU
1GWGPUdXsBYWTahtfyi2ZATsX1s6LAqZXW,GRU
1GnqHsS7FYM7vvXBdz2TZ4nH8DsMJtnMCC,GRU
1GqVR6Y5p2gVhssdeTXATRJtebiMGqvBJd,GRU
1Gqtadeu3xSnmoefb93YqyMEsWC6LYbWmA,GRU
1GuoovN61hVfwT1AATvucgktCDiPq1YjSi,GRU
1GwVrJhLTeP63rTTPbDgpKV4zNedGkpG5x,GRU
1H6Dc2xFEQxnkcHhgJe7Ac93rJimaa5KEX,GRU
1H8s1K6m7aN4e84b8gpdwf3TtZRhWhLcto,GRU
1HNUyXA7wwc1fZE3QLhpJCc3d2XLumS4Tp,GRU
1HPiiC5rGHW9aP2JiU5XZ9xJ2XXzeoQ9SQ,GRU
1He7WtZTm4Xc54ZiGq5XnA51CwqDFfWvXb,GRU
1HkXdgyLdSBp2dHUjXNyKhtiWupyyMyfxX,GRU
1J3LmZUASh2HFAyWDfd94vYfykHDsV8Yue,GRU
1J5TzqNizgBu9ZPJdge2ds98eccxUuVnLh,GRU
1JCs7GqUjfLbJ8pMySnbR8LxybcTHxn51k,GRU
1JFZrESwAqpTNnPJE4pLG7N15AGMqugMTf,GRU
1JRwg7oeUkmSB7SR2cJxbfaPqQxQGqrQXN,GRU
1JVm6yzu6xeDNPteUEu8DzjKJLL1yGjYp3,GRU
1Jhs7brdUgxrJ2psJYstPteeNUHZAVGFxV,GRU
1K1pEWw82iDgQUrnNgJ8hEtGYRyxta9178,GRU
1K23Z1U9Ler1cNGA6JdxtaiuVZgc79K4Ph,GRU
1KBEncfvvWTK8twAfFzAr9hNpfypYtMu6N,GRU
1KCVsnuv1kn9NFyDhhpT9a2gPgKckstfoV,GRU
1KXer62hcJQ3yGg7snW2nhLKWBrvXMmE4h,GRU
1KeHnYYPoSoZbcxwpCfwbejELnTTYqWiaD,GRU
1KkGr2cuuagaw7w57sEEUoJ6vwHLJZN2Zn,GRU
1KupebnKRauKtJgo9ogyuTd5qC91P8RRki,GRU
1LHKfVvxzKjMq33GyrTFcWggKHno8ndcco,GRU
1LLyrMZYggmbrGyhKWuZ8Lu34bBoTw8Sbc,GRU
1LNqHUw5BJWYeh6nxN4CD8DV8Fzcx8zehE,GRU
1LSAa9hyzwS3ZuoKfvRMvhcSNVqJ6PKcbg,GRU
1LZ89qg1WazwYhDRb13QT8fQSQXFZzYnYt,GRU
1LZHXUZSJBvowwKU8xsavpRqRaNDQYaxuM,GRU
1Lc3bh1smEQ1rdmcBdQ4cxwQLuzAw1knAG,GRU
1LdyYqUwgSBgtqLqXqAiMRv6o97TJgbMV5,GRU
1LmRJcpgFnG9PnQFNgYxa8CvSZ8vTnuUbJ,GRU
1Lv4SHszJtFSqDekC4ywBioACABaH8MvYh,GRU
1LxfPPD6Hv4R6hXuQNXJpDEcsr6eBxoeV1,GRU
1MDXGgG6nh7hypkU27VheKom53Eqagpaxx,GRU
1MGAs6f6Ko2ur1GmJvLNkWaGYFw6VLSmVp,GRU
1MHcFrqE7Gy4zofmpSm9hS51qiqvMsa65h,GRU
1MNnAdQuo5RrW2ZUQ6Df6bVwqgYDRwJGqZ,GRU
1MNt5Q6aUNG1JwikJgmzNdXPdD9uytjmCt,GRU
1MW4UgBVLhC8bKnTPfdczr6zskSpN8BjiL,GRU
1MYRW1GSfaC1HG6F3sC76eECF5bsF5Bz99,GRU
1MajgTqRTKP2uw5BXEkziBo6P8GM6atxoA,GRU
1MguobSX2U8aayQX7wa7dHAUA1LJ41xYeT,GRU
1MiFtgYau3NXGFEiYPg5hG2Rk1DXciP8kF,GRU
1MoMDZWwG8nafvhArrvUqR6f6XTk3odSCw,GRU
1Mr9zBWHf5ZbTvYxXx5TzpY1kh4qYd1MnS,GRU
1Mue69tQFEBJJeXFKrRkjeYZXuwVCyiAX4,GRU
1N5D8b6eju4nZfPmaHfXc2SJjkkj277mxi,GRU
1N8a874KZttve8EhJ3sMJKaFHLWyLdQVCp,GRU
1N8r2S1UTjiqMEYQ7p4RZr3qXZjgCne6Dj,GRU
1NE7zYPj1bzuzWsS2HHPXG4v6ncrW7vsLf,GRU
1NEwhPSYjAL15YHBWYhykvZseT2MxmTuhK,GRU
1NHvG8NsdA462H4DgoGuihzujEucvJYKTJ,GRU
1NJJ8UcRsAjydCC16gebbnK1TzWtV3KHAH,GRU
1NMsAPmh1XsJwvSdAizqatWMSXxnZYHw8B,GRU
1NQgLaGC8nKLtQZMso8hD6tBY9Ge4rnaru,GRU
1NRUrnrf5RjX4GPscr5Wc2EZcQvLS5LHDK,GRU
1Nis1TZ1tMGAzokCdWv1v6Gi623acQTsTR,GRU
1Nmwr6tURQMN5H9wwBvBwkkvfW7viSKsLZ,GRU
1NqPvAAEWt9F2VindoKaCMjCgQzek7WPx9,GRU
1NqSxBorW3AHPGibHJETmWtUqA4teSRDGh,GRU
1NrXU6v6Q9543StbXsERsaLunbQd83TBXh,GRU
1NuG7wdoMXR6DsjQcNiwy2LoWG5r3weR2u,GRU
1NvLfY2iFty8pEX1n238LMY5DsvRyjPikf,GRU
1NxyX1CBJaXsnzAucruoZoBdq6iMygofXp,GRU
1P36bPzwsXow3wxW2cUXtaDTmYNiSV86aP,GRU
1P6PmsNHKBjjC59kxmvWFyt9rWiC1ziYa1,GRU
1P6Wty5hLWW15eVDLro6FKmjEuqRuZZpZk,GRU
1PG3knmvrq5KEcnAMDsMDAHD744AGxyVb3,GRU
1PGznSfgADvFvJGecXJMqczfShydMCYmGD,GRU
1PR7QmZ6dDLQfVVZhZCby5yz6sj8S7uN1W,GRU
1PVgQU2eXi4sB8dRDrhDePpPsGaavRnL9o,GRU
1PXhMb6j5PgNEwfAWtHSnWsVdVc4qZuiuY,GRU
1PY7rVsc9XRqvATxRWigUbxfCwnHLTX4W2,GRU
1PbCrCxkXXQR188g9iDUFAya2SHWKPVMQr,GRU
1Pe1Eh1Me6ui4ZgqvdaeUigvaN7D6db7BQ,GRU
1PfozgqJQsUUdDb6882pYEPo7uLWZPX2N9,GRU
1PmeL1QfeczGidHr7Gxo9h1yfqBgXi2vfv,GRU
1PpeAs6NADQytd7cp4MSpNcKiPDz4FTLY8,GRU
1PqQVNaPjGqd1CxkkrvmJzKmSqKZ2MefT4,GRU
1PtiedLPBzaA9iGQigzaLi5fJiJ2MYCreM,GRU
1Pu789NhduDoLkjaYBEzWinDXoooEDQC8D,GRU
1Puomt6WL95jc6dujqd757MAdq9EYTjQsu,GRU
1Q1QLBpoXirABzQ3VExp7Ag6WcdKghFXEM,GRU
1Q4jB7PpaMGypaipZ5AkRPexD9ewtNCuCS,GRU
1Q5Bn4FFGTY5oZ87YqcvXRMRcYkekAgKPz,GRU
1Q5r3z3CU7nZRk2vGUzr7taH39yeRpkiar,GRU
1QDWR6v8ZGz3ApVdH58pRDXPNJVNSxGXzo,GRU
32Nss5HSnEDWHstiyz74r5hDeqxmgvvycD,GRU
3GJPcJeExhQpnrFe8RGx8fDG4JkkvMAeUg,GRU
1GTQHPEQbLoAYA21DaV592mh7oeYdBFq3g,GRU
1MxjsWZz8Y7h3YzyGwX1JwgeV886f33Nrd,GRU
1Bo9omuhJTrbA3ahKPhckJWCCfpvRce5Eh,GRU
1LvCFmKSh1ksbyzT1ryomnZL87NZFnoWYU,GRU
15dVJrNf8zeWbfDiehGn4mnWRduk57qAy5,GRU
1CPtgUWRBzcvZLS6kTc8pezPkPuuL6Tv45,GRU
18tAfc8e6o8vmMo5v4ks6ySyMPEo8U8GQG,GRU
12MscfDS26RM1UjktAqBQLcMH6dW7FGU4e,GRU
1KtJc5Xv5cmwzPbEHVndXpqRUoGaZbQySp,GRU
12C4vuSEsVA5BGpyhiJB1Vnjw4oDuLcqDp,GRU
1PNgrTZM7V758qqtzktjz5FEHwpooDWNs,GRU
1n4ZaRA5yPXckSuKDMcSyLXvcYbHRVsu1,GRU
1Lfg5Vv8QDRC4vV9WAg7yYVytrwrBKYWxC,GRU
16qVxgSPyonsHN39mkB3cMytpsEKwmh4dF,GRU
14u6r1yw6wXuzRLQifZEvQKtVq2Y91DEVN,GRU
13TPpGKHGQKkuoLuYQ7SzEfLcr2BxzPSMe,GRU
17hTTHPVMrDKKJFHvGfxmq36LEiunfaTYL,GRU
19AHsygcqYMvjNcAeRow7MduDVa2AE9dDy,GRU
1G3c2bZZsqRiyB1YBsPXXXfmdgUEDiehBb,GRU
19iBQ8D1F2yn5ES2qwmzLsvuALjCYNDUkF,GRU
1BvHf2SY9z2DmrM6HposGJeSAV3HQiiRe6,GRU
1DAXEbUYUJN2uRvDBTJtAUCMnYkGcStp8R,GRU
12m1w9fziu5uuXnU14MuC4HpoEHxT2pFQM,GRU
1LCKJo4HVnv4kMtdyLzVPzVtiQUr4pKSjq,GRU
1DCu1EhYzKrCwYUKGqtmjnzXfWkDjTtFRS,GRU
1L4mvRYyuHSq9cJh7Xze7ECYxZHeiW6VmV,GRU
15C7vDLiys6SM9DTpu597HW9tko8t4ssqH,GRU
115Ukq7h3h8myaXrebkbvdB8Xy1itPWYxC,GRU
1N947vxcxHmCxEZBRKFg2jtUxSrUCwwxKa,GRU
18p9T94nqXKqdW7K6cSevZAwzjDHMnU9Km,GRU
12xXmqpyT3Uo3FPuN69LTc7kmwbH27rCbW,GRU
12oqP34YNbRyUMnMzaKHbFEucyEJYbsDy2,GRU
1KSPntc1KP1aQpJ5LdxJjKKbyXHVpqTQyM,GRU
1HPXLtpjqjXo1hoUJsF5fw5vGY3tDhQZG9,GRU
1MEKG6JdGCQtzq8FyV2zNVMcWBFX9VeFes,GRU
1DNkGymfmWkCPiuAz2wpFaWUYt2BKQfcTf,GRU
165wKYxFdFyNCuQC1Mbnak4VTd38VhAeFP,GRU
17wMLJkKJdEUo4CjM8YrVdoYkKaDQzzSrx,GRU
1GRqR3N1VEBPPqN3zQpyvUVay98AhgTrfY,GRU
1CKFHTTr1QRBWcC99BzmA8v4Yg4Jc1U5VG,GRU
19FjucSrCv7cRDrmjrJEuAciJBft46bTd3,GRU
1LhrYY9mfci8937K6Zs1xXXfARgsU61um3,GRU
1B9fxbPGoe7efy3tSTeprPTfuEfSZkEFJZ,GRU
17cMujEgu7zCLVbkuq69Nsr8i7yQTP3Pky,GRU
1HnmvxJh8xaXpLvUrxJ4Wjqv8NXy5YvJTF,GRU
13ctfA5X9iXVZQ717qFoEdmgDSJbXMptAr,GRU
1823QkU6Ya6PqXnVhJPyCRpKWERNyhsTB8,GRU
1PhPpZouk1FrYvZ6fMe6ntnMutZeLV4tar,GRU
1PCSVJxuTC4Tm4d8jxcK6AvRUCCuf8zs3y,GRU
1FtC9G3K821ezeGLdoGCvdNzh6bHKrxTj1,GRU
16CdmZDiQ2pXTXa7VznDtCWXqT79NxMsxN,GRU
1EGdhraEvvPxCK5SZP9vj2hs5LifigkEEy,GRU
12Mv4Ptzth7P5zPkZF8rEvreKAcYZEUESF,GRU
16UpibKJ2DFgLSfFy8gGADv4ScqN4gAfDf,GRU
185Ax6C4C8ZSKqStZd89bZLfRsszDZXZ27,GRU
1CeDBkrta9Be6PT6WcrhpNMNs3Xh1L57sY,GRU
1ACKeeRDWGLQv52bwi4zndqAX7jRydonPX,GRU
1CBER8m2ppmpyJWGFeUYcSGXkBSQ3eJmRd,GRU
1MpBbcKbaT8gHgJJewckJTB38z5fZmwZaJ,GRU
1BCAwhHjbk6N9X6R9rBmguWsi72c6oGz7U,GRU
1F1RNLcW1X6sFGHr9fUrxfwrBWJ1G1wVK2,GRU
1PHBgpTGwtnebYvPxks838oXuBXRvGmykp,GRU
1JA6CN4SpbSBMa9dKLseyxK13bE7WmtqDd,GRU
156fbq6qtNUkwAmwNFguWPwq36hSQdzbEN,GRU
1MemHgP6xQEhH6TGo6Mv7buCrazmDANXSH,GRU
1LToBpRPiWnsqVeo1z6YAWyK8qGQ8jyBeC,GRU
17umgjdxogWVzATW6Fh33tgHmLnu3ybZXZ,GRU
1CDBJHSJQZz48apWHMQh5B4MsscMKTBk4C,GRU
1K31jRxPbiKXAEtLjX3N1XEF3bPXm8mZLL,GRU
1L7F3NZx8FE5io1SMqvxrhRRbsNRttx6mP,GRU
1CLNoVyb8SqS7VSM9rRU1UmqZwxoiCufuM,GRU
1JkqSRkApPXvpumgGJXaCWAPsSgucSr5o8,GRU
1KxefLJkbshhgh71c8RJRjoY1A9EXABYP1,GRU
1A2jQKJTJaNdazbeyzcvePqyQir5D5Cqq1,GRU
158ofT2pDEs7yGu1qaW81zJjDmiKTwyQAn,GRU
18WpB8TPuLcw8UBLDT6xoprxPokNgabXMf,GRU
1DfQubUmK58Upfj6Fv9oGPjHQmzQUiqf7e,GRU
1NLffbHZuLK6BK8PmpWH1xBJYPLU67UtU5,GRU
12c6UoV2jTmiQVEGi2i8DPpAcCYFNapZ9S,GRU
18156W5wXLDUfiEg8Ab6oHAah61iAicZda,GRU
1Nq6Pyii4qVLkYfCNjaACxha3dewKLouQv,GRU
1CqUqEwyd3LpdVmmkHpSx5G2LicTzSB9dK,GRU
16VaEYX4HHwLEP2AM9CVtHHma4tppmYFKr,GRU
128bW8nJutet1MDGayohaqzmUGFuBUqzxh,GRU
1JhpGJDtzZzTPfBz4ZuinPAFAjut7jX2qe,GRU
1HYY6ik6s6bK8tYVF8J37i8kRgZWMuiRf4,GRU
115A5mXVegQ8pS14MEBTqMAD1VPhK7AvSk,GRU
19m8T2DzfiSbRwjQRK88eNkD5RJaQTRjLR,GRU
13rAtcARTbLYFkr4MdxrUzJuFmLaFoSQ9w,GRU
1GWD6fqqzyaRXvXfUmYmgbMgSdCSzErzZA,GRU
17kWTWZ2WEVyTSYzxdHhpNQC4yyfzKFEwD,GRU
1Aq6sQuCNLx58wRDFTKtbtYnsGzHXUs7e3,GRU
1EgCQ6DS7TZna8T8pjbTV8QVQeCTQnxvMd,GRU
1NGCzsWw1RwTAjWFkEyHGp16EharGC5nuo,GRU
1JDE6zFefG8YD4T8hexhJqyy8gzdLTKU12,GRU
1BFC1Zu4M9vBunTw56r6CXquqhmHNBvW91,GRU
1KADydTT7vUUDpXmHJ5cuKkrvsL1XQ8Ss1,GRU
bc1qr8elqdyhmzrunkuwtaqe9ryl9eaksspxvcr4ae,GRU
bc1qrmtsx5z5uz4xmfpzfmdnc3frx8zcupwkezyv4w,GRU
bc1qw6uuz30zwfw2kw2pftmgksmkx95qv0zrx9pfjh,GRU
bc1qsnuvsug702zwmnvlvzjr944m8a5j70p4jjg7kt,GRU
bc1q6ckzyyrq9sydawe5dnrsxcegenq39qa2nrva95,GRU
bc1qld4vtd8lzfg00aw35h00uvzynlh5ja6gjnry4j,GRU
11pitu2LYNaQm1GPTdd1sTUWyqYM3u4EQ,GRU
11513hCBQQ1pvZ4Pbz1YwrYNdTz8H12G5J,GRU
16UeoDBwdbj3dCC3Zoqotvg8reWVoPfZk,GRU
188goGuLijGiQVnK9CtPNn4a9fMo8L94A,GRU
19z83r5Q63qm1s5KktxZFuk3jMcnVhs3V,GRU
1FYZS1esjS9qetbLAeCp1QpSDbcQrGzFi,GRU
1PS969kDNGhbYdG8o9zykWbMgTXunLyNe,GRU
1PZ7vM2VK4x2eGjNW4uZW89qVubfUViRW,GRU
1SXqGu6Mi76NMFqKNUKZLA7bCT6pZKWn2,GRU
1UAi1BEt9fSHg2JMhD3HzFqRktdrcKtmo,GRU
1UXXQ5n4sqfpx8wbT1VgADqt7KmVotVpU,GRU
1WGQS6Ebo8qaLErqjnHrJy67MKXVbh4GE,GRU
1WJqkEvRhaz2pX8tCTPiTZnDzxzegpFUq,GRU
1WPo2JL1MBXbMZKt1C3ftaSU1yLXVQaWQ,GRU
1YbDFh2BU9sfFdfVmfKTW7j71vdmbk1pJ,GRU
1ZXTaq9swpG1G8872Ej7B1ZT9FsBxcorQ,GRU
1Zm7qWKHEfADpSvh1F6coZMLddKPxfuke,GRU
1bVc3VsrkyXMS7gEbM5x6fsnFuF9Kcaqb,GRU
1jKvtErAZpzbr6ZvFvZiXb8b3LPLAE5bz,GRU
1mKaiRSTPfeJUc4hQ3qAFc8h5iB1QANYX,GRU
1pYcXqkDpCNRpRfn4yBAxEYYAP5WCZkJf,GRU
1sRUuWR8gog5QRDzcjocXiBPdfCr46Eue,GRU
1zYeuWJKKkz1y5sfAHu9fsBbaaYHkB4kQ,GRU
122cqJKcySrYjwfr3DX23ukRQnkKrVX4N5,GRU
126NTbuoiJ4hY3jqK28Mjpgj8DR4qd3tj5,GRU
126w3WZFg4JtBmyrW2z2PaLztfky8Wf2MB,GRU
129NNcPiuV7QVWLpCP8naLLonLgNuXiwB9,GRU
12A3i9sQ2cKAbgXkbiDpGryCheaXmVy1N8,GRU
12DcNCJUmkxa7Soyz95rCbSEgoUL1EX6eC,GRU
12FXANu5ZBPey8m9vcVRVtMs6G5u8PJEhD,GRU
12HJ3gWrnQhVXPoRx9tdNtKUzh5hJt2SG9,GRU
12HXZ5AUWpsGHNYCKPzRep1RkdfhfkRTTL,GRU
12JxCLeNSV3oC3wdZtSq9Ve9qz7o337meJ,GRU
12MRwGWFBqwd1nwxspGNgSXSY2Qnd27Gr4,GRU
12RdS1Ds4f1e1ut6cRUaN5rQt7dQxYNC8q,GRU
12ShTZaer2fUGYjGEFuQLUJJKbSMtQibK3,GRU
12TFTyA2mT4eBSSsDLgbBa6zpV3yTVzP3w,GRU
12TMNVNDquMK2VLQ37nX6rVJDYUBdGgdcu,GRU
12W9YQesY7RgnxbgonrgHe4pvKB8f3y5oM,GRU
12WbPRKM5CwPYk4UKkGUthT3PwfZdkzJJ4,GRU
12b8ScAQkvW1c4ZkJMU1xFh6D1i5jcrY3R,GRU
12kqcZh1UWtjBW9GQQ2EmJ1WBgYTPxKzWX,GRU
12myonHkhsj6mM8eVyf2hAT98sf85pXthf,GRU
12rofkKvQU1mFWGqBq8G8uYKHmnXBtZcWc,GRU
12uehdHMefYYw1KGQ2woc9r9UTKwBWVtCV,GRU
12vry2eGthUEpr3TKSuErCASQLCerjvD53,GRU
12w9dFSLadZNX3PWGyBRpGAZoMacpLpUG1,GRU
12yoWrhYyybgXJafyhtZcaxEffwieEBMdd,GRU
131LxWRSwVYFft92DSwKYYPANYU1DNTvy5,GRU
131NH4fbHe79Bv5F6NnS2oujDp1U8XijgC,GRU
133dyxib3ixzJvxdhTqMYNmD6N4mhWDbBE,GRU
1353AMeYw95Pxf2oiymBughSsDB8KKTXHU,GRU
13AaZkoNwMZwMjPfjrFJc56egyxZjHkLiH,GRU
13AxGXiy14wi96eHeEKRbFwfp3KZYvLtVq,GRU
13DGvBsXvqh2wKkRHXLAJMmSSzDpVggcwL,GRU
13E84J9AmvRpbuE3FWczaUn13SBkZ7Paxm,GRU
13GDrN7ezbRqVjEtcMy4XXPEaeE9x1wSRJ,GRU
13HSWL7Wz1FnDDnMebnhT2y1fZ8hP6e2gf,GRU
13M6KN7mF32Q5JvouyP6UWHwiYDRimo445,GRU
13PPxGts6Fx1hC6WdgkEhinfJuKx6QrRch,GRU
13Qe8kLMKU14fDo1M157pfcYLCXSfJAXE8,GRU
13QzaofCDMTPjS9soKZDwuw2qd7HZJ7U8D,GRU
13R4Xu1XWpczk5UH2M14qtXBadmXR7EZ71,GRU
13T2f1a9n5ev4TXAqHxYsHJ9cf5QaDitR1,GRU
13UFBuVJSd44yvMXP1ok7bzEVz2ekzCCvh,GRU
13VRBwoCH6ahZkbFaCwbaPx5Z9qdwZ8rYw,GRU
13WVKB89C9pUqj691F1hPSKq8XKWC8jGDZ,GRU
13bMrhTzE232D7NusSsZ6t5MbG8DM5xQNv,GRU
13df2WAaQ28aEeyP9DXAz3ScY76LzBjxuW,GRU
13fK1KC2My6UkCAq1RwhkaDSnDLgk4gmM5,GRU
13hs8dVwFs8Z1WEqMs7Pq6kJiXziJygMsg,GRU
13oZauB3maCfsDpFwpAViMey7pLx2DjcJi,GRU
13qfg3Cp3gxjP25GRjbWX7q6APfh2DCcdK,GRU
13rTV6uc3F2t8oFqz7VXQvBsdexzifc1MY,GRU
13xSm28TeP8h5iuvUtJTepRsFLQPnMzjK5,GRU
13xynZd3TLbscX3PqpjWs6y4GxiRK65Wz4,GRU
13zNTqXGjUYWq9mswLsqCqRg1ndURJwrYS,GRU
141wRyuiB95x2nMmyvYQ1mL5Yi1Jz6gS4o,GRU
141wWUADdHhWtq5VZCVcK8zAyMuMPbSQwK,GRU
1456Azvs5ugcYhucntMb83r4Kjw92dYbJE,GRU
147ZMzjw965knL6QrCuinn5nTwmy6Lagbx,GRU
14Ac65Cpc9YWUF3G58mThDqsW9VeCwKvcp,GRU
14Ajo6rtJqqaR7UGrdZytrVn35USNtDqHk,GRU
14D9ENyhaJQW1TWws2UVHXo6qpHJXTmBSq,GRU
14JTPYKuTaqTFZH1ouadpHnZ2WCUoF3Sn1,GRU
14LixQZQekcqF9Kk9pESc5FcRx4iAzTCgq,GRU
14NSGBdPkuP5m8rsR9VRXvEFAvdEmE1kJQ,GRU
14RpnCDwKYoPav9aoQuyT5W1o6kYoDHQpK,GRU
14UCL6Ch4C4XPbhUM4hon52vL9bw9dMxk6,GRU
14VBj9NQa7voWpzBgcoE151LWPKCFd1obU,GRU
14Wv9wmviX7f57Gjp68Tp9w1Mazy9injhd,GRU
14ZpwSLiNECcNLCk8SqDq4ESijtJWbRtkk,GRU
14hH1syXU6qpuXXvwzyVaZ7njqXwnosDBG,GRU
14jw9wuzjRzazoCkzUkzmmjVgBvZPaE35v,GRU
14oj1u5GV9W6q8eWUBCBpQwZjJHzzJEp5L,GRU
14oy5UUStf1e57krmxJggZeJK82z4dmanu,GRU
14pen5tJwMEv8ZDBjUDBz8cJPvKHQhJUMp,GRU
14r78eRHRZykqNjU1HzHMktEsTrwTVTd3S,GRU
14r8sUfbX3Sr2YhK8Ee3m6gDCfwse9Z63g,GRU
14ssJ3jKdm222XZFBCkJnRcA8NiYahFofP,GRU
14whg1TbFV7ZNWKYuuMzCA7GsADvxSZUPX,GRU
14xLEFRq1SQxwUMgYtGjRS9FYvcoXfJNVF,GRU
154LQVmPsSKiP7QJd49dgWPxwBtzipVf1W,GRU
157SQf8BJQXuSThBsXCZFs6uG92tR9frXr,GRU
159e9GkvAjok6fSSgRQnujtUCQcgDdoJZD,GRU
159qVaciHBcQ25Mqq2vWwRi8yBzoAcgLE4,GRU
15ALGi6PFQZFrxsjaGy5xstiX1qcWVhPDR,GRU
15AjLuUh55NpibRb2G7iWeBtWNutYzxWNz,GRU
15BFn5A68zVv7hJJmTNhhs4RTJiy3VcLzw,GRU
15C1SkC9YZUeRP89dDwBwK79HPVsbcZkKq,GRU
15DHUESwqTYifkoDwuD2NrSXE3K7M1vfRg,GRU
15EFFLM4yuy6EifDmo9oKMTdPDpKU3e1Dh,GRU
15G4sc2gA2LFzSmHAXMqs2itAHrDTShBY8,GRU
15NE71eaWgwsZLtN8RCCjyjMhMVdCqXikY,GRU
15RWJ31g8FvC85ZMDJTUVcZ5U3paReUq6U,GRU
15Sx5ZMMUn31s6eF6XrGqSyWYWJgWbMKSB,GRU
15X2brzp4rUjzeK1UaddmQJw9ey1GjF3mo,GRU
15gbbfc4qnJKw2L2maHivyd4ydhfSMHnsi,GRU
15hhKoTLWV3akAz5E9ZNUVmYuBuGyjGxwX,GRU
15icZowtgjJQ8QYHf3k7DSBTfxFh88VJuR,GRU
15qHZdMETHk41WhjoYB3tzBYmdxno6eMUN,GRU
15s5LSj9DtBDVFJ3etKGpE91BAvebE2o1Y,GRU
15sewKybnNWCHaD6xWkc69znC6ZfYriBV2,GRU
15uYPhHgMjxyMh3oLAkq7t29zp1hRcmcdu,GRU
15yQjhteg4Dnh3oijtcVYWH6x4PCnk2QLX,GRU
15znEX2k88PbCQLTDbBptuD7azx8hbsqvu,GRU
161kRCiSz7717rv6ZMMiWGL9ZCZ6Q4JBVH,GRU
161zUKPwNdu6Y65iXk28pS6X6KJ3ZJGJqf,GRU
1627iUhVKHH2g5mZ8gvfm2MP4h8TCmyciw,GRU
162pKR3uH8dAxtsNqMCWFiPdYH2Lw9YrDW,GRU
162wtc7cv2D6BqfDm1cGQf4zNr6HziThgn,GRU
165wvNbXRmj6apCXJaH8oiMDRGYx2DWvbW,GRU
166gPYwLw4fc2LgFXnxkMBx4G5MmgufVs5,GRU
1686bKDniScVKYEMjF2FcDbXnZkSV9w7cy,GRU
16A3twXGBFPdFLDjA5g28PwBJ8e7TGnfyg,GRU
16G4jokoRudQSLqXMJhVVgN3d91s2fi2ov,GRU
16HzoeQKUsRmAHRprEy3hLNqBy4Hta4xdC,GRU
16MEttkk1CQ81vRDH7G6igANNFwieXsTZe,GRU
16Q1vdmtCu53MecPBRBNttV1QQ87F5EDH3,GRU
16SPi8RYnwsg87VDquijpR8aQGfJERTotY,GRU
16YsbwM62snbyxJZVyPaR8L2GCoLioVoo3,GRU
16YvCz2b72P4HUta194gBi98dm9woBhKoJ,GRU
16e36Za38vLNnU7mL17Y3CPuaqem1pJNCP,GRU
16e8jJxxWUrxR43sF95FsSCm4c9pTRSeNu,GRU
16ebsa485xi82aeKfmxgdaHk8viQgD1ucJ,GRU
16fJCLhYxpA5zBuP5UyB3dnBaKyKvjYqAy,GRU
16ft6pM8EiJCX3zgYWPcPmdq26UQNB5sFB,GRU
16hwDs3tqZkUxRrseETaZGoqfP4j61FtTA,GRU
16kRHtwCVAxC3sVLEXKyqNkK8pP9pTRxAn,GRU
16oSL5167bfXn3rxV9bt4fbU5TZ8a7pW6y,GRU
16p1BJpVtavn6pJGwLJK8Y96aTyq6R11xr,GRU
171qdTBtk9vRJba7iHsbzihDwVyXp6Zo6y,GRU
17525LdfcqNZ7nppFfVLrHD19VhWPN7qov,GRU
175AzP1hQKHsSzRt65SBZz49fM2BztesxP,GRU
17BiJeSCAW3GxEN9VDvzb15DYaLzNnaSdB,GRU
17DqPo85Wc27Jyy26LBBsxoYjTQ5PLu6Uf,GRU
17EHSaeRD7eEUyyZzDMfTQcRsuRutg8qGg,GRU
17KWUhPDsZwoPoVZMxa4qHXLKEhu8DKEKF,GRU
17KuvYD8XRAUPEJvqvSkHhxX1zSFpkMWXj,GRU
17LGWyc3EuT6gGBScw3bSJDTs4d8RzBNNs,GRU
17S7eJjZRENdBJNrRxNqHRAgvXAQrtygmu,GRU
17YWEZeafa7kB6jxE7yeUTY7952T3ERhqj,GRU
17ZTPVJRc8YpMsGuR51HqqwDDKXBMpbEQW,GRU
17ZVjVzkdTrAtwpDxSsMwUk1a7iUgTEtpx,GRU
17aBFdKmt5cgDCaVsLf4GbRYsxBjLxSxGD,GRU
17fS89ax3y5AhZBNEM74qPL483DmwWLStG,GRU
17frLCDMBgaAaFj9753zQd6ds6JMonJeVL,GRU
17iFA4VHXNifdLsTEmJdZENxaLWnHGJ4Mh,GRU
17iptywzJZPGTGEerre2tsYV9Xfu2mFoQv,GRU
17pU3NDHVzKYTQc9AWFhTbANx5eqim8VhB,GRU
17qscRc7Dy4fyWBFX3CdtiX3n6BRFke14x,GRU
17t7jnS6m3PW3V9BT1XHhro2Enk9WDMZqG,GRU
17uRxf4TEYzHU6eYqXwBDvbzDoun79ecUM,GRU
17x3hg1qKRY7ZNT57UmAajnky121uqBqzb,GRU
17zbFzRBGcAmjVtm1od3Nox1ZfjeLgjpPF,GRU
17zuxjWEyV62UYzG8swPAvztx88t1xC5JN,GRU
186GADqWjt7mxNGdJVX5JhGKWAJw7wjqaQ,GRU
189rX2ZkFgm3NNFEpUNLPz4vhTjwYr2Q8t,GRU
18AW6AR5ZcAJj4JvJBVdgxAxCN8mC5SSpz,GRU
18Bai45vCQNQL5gHGUqyK1ZGkrSYztTEm6,GRU
18CB1U8NNzieRXaCM9ETyhWWQU1nJiNvQ1,GRU
18DFHmXtdsMuCDG6P5Va3N9gvSUbAcStPs,GRU
18DSXMgD8C7afc3Vdwnus46US39Yiu5fRH,GRU
18E89Vdi7r83j2xNkm6R6NMA9LZZwVSEsb,GRU
18LFv8g9J3vgatBc3CnivdjDLWGovH2rJ8,GRU
18Spd2SCAAr3KchfaNpyqn4ZVQCHqycuTX,GRU
18UpSjreyNkNmnoemmyG5EjtcfqFBtk61K,GRU
18WyoKFjNXjJBFMdXf3wpHk6BwiD57yLqJ,GRU
18XzqX85wn4wYWeAyVMgEbvzYt4H9FAmwQ,GRU
18Y6byLSFCe6xijnkuyhqKu2nFWFtPrrWv,GRU
18dJByPJopmwdEKRVXkUUBFAw4zMggNL3h,GRU
18eHN2LA7QcHsThtX4TpaXSsYJyTCCUZ54,GRU
18h9V5pwNExnUie4hXqrQTuYrzzjR6w5Rd,GRU
18jaY6b1JxqtSPrQwJFVosnmKQsh3m4hWP,GRU
18k3qRK1arfCYTxPDqqj6xNPYTsU5fHFT6,GRU
18kwESKJCPbUDrqFZb13s8PXaqamwmfQER,GRU
18mf7bEG5xXsryRgmu5zQHcsxwwbUu6j5T,GRU
18o8xbsm7MJCJhq45oEW9puyRFTvbJ5tGZ,GRU
18rk9SmWCXcnvHRCuveS1UfpkZ962SqGkN,GRU
18tRzapWGLPBrMzgrbDcADK5f8a3wvphUK,GRU
18yCzhKXcLWXnxmR5M3EdKzMGNYQTAuYVF,GRU
1919rt66JLTCL23xLm7RTvvoQFGQ3mEq6o,GRU
198w5j7RwEUWG9foLxJueXopXGzo7H1yMP,GRU
19BAfXrY548aumhcg4573XAS2839PzyVzF,GRU
19ESUKdK3DcN1t8gJgFWbqwxq34EsGWdyM,GRU
19F3UPhenpbvd3N24VzMDyK9XB5vdavHVz,GRU
19KT7fGwRUKzC12nXopdb6kSxN3CoJTLW4,GRU
19P5aas1EbmgyMxwX3sz9BruQPekhdV3MM,GRU
19QrtjsSEsixum8TmhuUWvbu8eqEEq8fS5,GRU
19S1b4ZwgpDsXM1njEKjrp23kKj6Xkfd2o,GRU
19Z6Nms9jkvW6NcZQFT3jTxWM4mMPjie9h,GRU
19aenLrtk3ho1a8i7Fj4crJpSDCQAxbe3o,GRU
19afpQFamUKucYtjJFPUm5H4V8DAkYHLC9,GRU
19bysnFGiecuWT3sKF1Ca5oUCA6Ao9zaiH,GRU
19gBfyrCaUneVF7THyV3A9nKg8eG41XwGS,GRU
19hEydrjHLEqD9xxxSFcDeDhJV6L2viXEQ,GRU
19imv2JLe6fekKGbNCDyBG5PT5zpmkyivR,GRU
19kao1JZHA9B8rxC7U566QM4REbuaKaeKA,GRU
19pmqSrJm5ybMELvpf4j4vkT4FWZSqFChW,GRU
19pwfuYHHoXf5s5hmz5cPxnSxpKThbb5xk,GRU
19svKoPUCciaNn9rTanHYHdAL6iRnEKVi1,GRU
19uanLFdQHiiaapeAoSDmSG2gfndXXWGPz,GRU
19wiKnhx63H48sGvcra6qJmpvvjEaWFS4F,GRU
1A8Cmu6nEfabfLoUpMbtqDtj56HfeRLrq6,GRU
1A8PgdNPuiEjpRHrxqPyHdEJpDtbsmHobG,GRU
1AAfsgSXcmn57AKN9559CHKo8Z5Zk24tGS,GRU
1ABXXCm3C54tZdMQVCn1TKiAsQoz37zkAp,GRU
1AFL5acRCgumBqFwKZZgoTfR95ARpmCdWc,GRU
1AKUXLdzM8rf9LdgYHUX49NkqKz9Gzrgus,GRU
1ANCURP1GqFdGGCg3LKcbBH9jDdLJWJXQN,GRU
1ARARE6eBWEpbknFw97wYibqsU9Le2DQZH,GRU
1AT9zXMWqPdVkkUWuCNfvbVxTXwDdY2dtB,GRU
1ATGgZLaHXVvmH3LtFuxsKsSiT2UK61XVc,GRU
1AWwZpujMiQkcVQZBBH9KPKaUp72KAgQZU,GRU
1AgU3hKZb19G1mpFcP3mEQ24rS45DqAUuV,GRU
1AhnTjc7AWmETLHoULy6QEo4gbEu2rbwrE,GRU
1AkMZTDyx2R3vy7sg9Zthg2A8Wy1g22Adr,GRU
1AkeP6HciAzxz6RT8Wn6uZ5SasLDQaRJvv,GRU
1Akjer5b7N9eXB8or1XqkGcVcRtx386Pfc,GRU
1AmDZziqYWPFz4FLk2Qxup79M64JPFRCB2,GRU
1AmTxj1q9C7RrK3XKAMebTJJM9UCupmAjP,GRU
1AoeCUBrc42XXhu43TVMy9uYxvkWY5Nzw3,GRU
1AqoJCUHvKZDEcMep4EVqQoTa2u61zTbWu,GRU
1AsViQWBzoyodJScCaKz91rpJWwVt13P3a,GRU
1AvBzn1nxn8XdFhr2XigeiT11di3j8Ryo6,GRU
1AvJgMqqFiCAjgGnEX1pBkQtUqRnAqpc7y,GRU
1Ayjt7ZV3rKQ4351X2NazJtSib6Lwr9Gd2,GRU
1AzHNkdH56nQDGgF81x7eZ4obRsCiehmA3,GRU
1B1V5SJ2LS1DgZiyvU1Ae3iEjAZnLaaErH,GRU
1B2j83Kf6nnKFaC6VQW53XocN51M9siEUS,GRU
1B3ty6rc5zZRVRLZWPcYSLpjb8s4H21NLp,GRU
1B5TQWfWtSo8GQqQbLwL9XzuQ9Bqxy2xM9,GRU
1B83Evpv4rfCeBofZ1yFc6QpQp1PCcgJ2n,GRU
1B8YY9TKZ6xqQG36XG39qT6sSnxuXtQyry,GRU
1BCBT9UtEQmd6UxWgcohKuyu8A8sPqBW6n,GRU
1BDcVqSr6YaBMDg567mqHTCZZNTkw4rWdt,GRU
1BFDzZpdpQBi5jm3aW6iUs9uNoCRMmpxqd,GRU
1BGK4T3uNKyud3Hi1nPgVLqqhFRVTaVjJq,GRU
1BRdnZzEB97PQ8AuDWPth3vNZE46ApxEV1,GRU
1Baoe48PHTybgX311SCrBZJzVzrb9romDP,GRU
1Bb7chupsFqw9xPcanpYS2AdxTHwoAY9Vx,GRU
1BbXVpQrx17vU8PkQaB5qvPwKwZzJrwgUi,GRU
1Bef78U6qHC6UP9g3G4GU7yUHDS1pL2owe,GRU
1BgSxQB5sotf2bNWWpqmodJe3FacJCV3T4,GRU
1BghBAdtwCwMruJM8gBHJnyG1rTcDDJpYE,GRU
1BhKsdpMCmBrfPr47rjEeb7b1GWu7mJpzH,GRU
1BhL8dtZVogcY5fNMZW6u9FTv4qEpfY8iJ,GRU
1BhWRNDCqsQ6meHg3KLKvD8edh74bjSvoJ,GRU
1BiUXfDWACRG1Bc2w1Wxk2BKHfxg84GbUH,GRU
1BniK6NRyhMMbwCBzuqut6mnqaZ9dEYK1g,GRU
1BpKNKVNcWC7bBvz2XsW9t64u4SzdwqK73,GRU
1Bpnxu7eCB3UVmoPsnny8uyjPzwY5BnRQu,GRU
1Bq6e7zfv7niXGueBZAF5W77fSdCff771P,GRU
1BqvV5P7WNEKn6nuPsoHkwq5EhYNZgqBT2,GRU
1BrHZvK9goQrL6cNB1rSp5hYRgiKArdVsu,GRU
1BrLvcN1HEkUgcwBwgjoBTYyaQ733ab65z,GRU
1BuMfM4xCsiqNL1HzUPRk9jnPqsvrbek3h,GRU
1BvdhzaEHCbUskUd2HeeXP2Dx9fhGQdHYL,GRU
1BxYZxEbiqmz6f9fgTgCqpKtenABYMQ1m5,GRU
1C3XYHtyuA22yw4SGoA4tdcxEEXz1zuRGU,GRU
1C3f3Fdwh3FgvRydYAcT7AJLHMRg4bGctn,GRU
1C5W6wvfdJ19X8fip6tGxFRdHBnBtPVt3x,GRU
1C8gCd2wx9hray7CCnucHNBuwYiVD89Fo5,GRU
1CBSGnz5KgV8Kh9DTkbB4Tfi6CeuK8Nxb4,GRU
1CEAukYfeKZcX2XiJMfFLA9NknCBZb8XKU,GRU
1CGNsat5asjfNbJ19WwvGbnoYSnGumuZmb,GRU
1CGXnx21ir58BUsDzNNzPTjiDgz5Aq9V7R,GRU
1CH3y6Et2rNfdwAwYhamUxeh8r1hAGoSbf,GRU
1CHSYxTxADAgB46mafLPT1h1Mr2jNsJozf,GRU
1CJVDi8JDcwLuGZu2YKokvHYqgdWKrNsH7,GRU
1CLWQtVgDmLJyceU9iStKxWSdKbnxWNLSv,GRU
1CRNXwKkZc2bYnseVZWx2bdqSMSrSf6Sr7,GRU
1CT1wyGwDDiaaSBdwM6Bai9jN6tSQET35Y,GRU
1CWQ7aioS1rXHUk97EqfbHMHXPyBeKyGAJ,GRU
1CYqbkhsYZHFgFtBjHihqRnzNPxGD9jo2z,GRU
1CZ1G5vxpzbpKhp6vLTjje8A4mVP9LQ2n4,GRU
1CZbz5yU4PjNDYRd62Dm4MbCzhsmYNXJ6P,GRU
1CaaRqZw8ghur2rRnpHE1Hh4tEow5RgSeB,GRU
1CcMepELeL89aovw6oJRA4JKUta6U4cFMw,GRU
1CeCxwfm7qxUFMmAY7YFbwCJqDryrMvWkF,GRU
1Cr5nw86pAa9sjaMVZo6TpgthGbeLdctUh,GRU
1CsiJDUSKrDJrqxrwMRu8uLc6vokykYiYh,GRU
1Csjkoe6SHuqzJ34cUkuqgCMhDk437ZvW8,GRU
1CuVArHnDw9jLkEdzhLYTrNmZqRydT1dZh,GRU
1CwZexzJ2gLGxvwerkV4sep1UrbCDFBkKb,GRU
1D2YaSN7eLUdecP4GadyVbuBikTSjyuW3P,GRU
1D7gJPGLruG75ydyXjNDPSgpXeAyzzFznP,GRU
1D9uguH8FrMRPcPcCyhvskxnQPDwghejZT,GRU
1DAKyq6z8EMugRMvzRLjGwNjeG1sNQHKbF,GRU
1DAXH1k8TKx24EP1S9qcvLwL1DWQuFXA4S,GRU
1DG3hz2UdAYbB2ZZ5FVYUDne5QeyanSH6Q,GRU
1DKD9ULgFnrYfAWNUtUW9Cvthx1gcivpkV,GRU
1DP4TzX4DrRd4wb6YR8NZEjyP9cs9h9SbB,GRU
1DSag4gd2qW36K7yko8M5Kz5yVcHPjT4gn,GRU
1DSiXt7ukdfN2dVFUmBQoUVSnpmqdeb9XJ,GRU
1DT5x539yJxLDzpRZ9XY6yM9gtJfXMPK8e,GRU
1DUkWTnHyCYFdX7CGACppYwJ6AMwyKvJ2h,GRU
1DXvm5z7cLRVao4H14ZVHFZzAKJUMeir6K,GRU
1DZfMDLTvo4MYetyFAf8MZeUwVkgDuQ2nq,GRU
1Da3NKqtW7HM4zDhQH5qQgj5fuZdwZXo82,GRU
1DdmpJqtLqRBqDAJde52EkssQN7JdLmRWG,GRU
1De6fVbN8r6LSnWTVEU23yvZEpVegv5f28,GRU
1Dh8R6uuXqbYmtPa7F43L4XrwB7dafwg6K,GRU
1Dmt4JHAfvVXVuJYZAkymSShqrEB8N4aMn,GRU
1DoKhDrKUmePKw7kR4RTY3Xh6VJBa2nFnE,GRU
1DosGsqdgSLoHMznodaW2cWxm8WGC933fd,GRU
1Dp515srr9RnKEkx5uNkZ9HQvYm4SDPM3E,GRU
1Dt1QKUnjVPxPhpAq4R3ftha1dLnVwMNzW,GRU
1Du6aMJgoSCXGgcyGYEYDQ3CSdstqkpjW2,GRU
1DvKxriASPyT2bwoDdvWwTxJoPwKk7nVDd,GRU
1DwNiYYFgY78PtNkUrpwgr46gzJBUGfuYx,GRU
1DwvAmtMk4PkUp2ypoX3GqWzkbeXDZT73p,GRU
1E4CK8BxVf7pQLfm7h2qL7JKPykzUqYnHq,GRU
1E8LMgTEon2ShjWi483vMPEEVNiVY5y54f,GRU
1E8nKrt27MVEVonRNzTEDMLJF3VXVJMUJb,GRU
1E9vm5haxG2h8JoD8NBHQb2nW9b9AqKgHt,GRU
1EBGeh7cHjHmYMGrv1QFrGznXkzkFqErGU,GRU
1EFSt1qB7VYFmHSX6nGNAWvYhKwpvWdsba,GRU
1EFfbNNaTH9uw4LAZiK49Be9jF9oXCTVCu,GRU
1EGh6wtWze8xi126NeiuAtugdsYV4bXyxV,GRU
1EJ9iYbwHRVZRHrcUjz36PABcUSmQ2Ux6T,GRU
1EK4Bkbg8fZXCXVGRbhVcSEU3rwP2mWiJ7,GRU
1EKiWYbwJ5bPi4t4moEw6963bqKWGHsvsF,GRU
1EKteKU93D7c5QEZemccmYBiHqZVp6HGv1,GRU
1ELiUmfinh4kpcDRXUd3HBQ5E5FQrsPYaB,GRU
1EPqDPk3RkHenJk8GxCCrVsfvixdFFhRvg,GRU
1ERTWzwWNZTHp29DZwuF46zojHpQzozpau,GRU
1ERoUaLwknio5FHEBMwGRAHeetmzrU2eCw,GRU
1EWr1L7BSzFGjk5sZz3zkq5US2x7aiQSJQ,GRU
1EXW2CfDvrRnyGkMvAkRDc3XoCNJwnKB9K,GRU
1EZDu6yboFvLWC491875DUXdLrUu95dgo1,GRU
1EooUNiUDhNvrU8RoTqaVhC1BxnArkA1Gc,GRU
1Eq2Gimn6SKFvSyVCetSKHGJXWwFmdeBSV,GRU
1Eqm17cKiBYzHRqJNjFNNqxFtmgxpmYcUV,GRU
1EsdZ8K2TWqLCs3SwQqr84JxUPTz1Czyxs,GRU
1EtxNcAzbAd1XZishmao2J1iVYG2iytd3p,GRU
1EuoFW437BLS12VQAWQrwCUpfX33oWdFzH,GRU
1EwZwqBDdtutCFbyfpVseZFtViQnjcYhtZ,GRU
1F2pAku1yM1pEi86TNEnKwAoneVcC264sQ,GRU
1F33fX9aQBkxhHAJz5UXpFhynFTZYmwxie,GRU
1F7QPYPmp6vsxXe1UFpVmdVyAXHmXNtGtD,GRU
1F8Pptw2BWuonqYSvJqhBbG3fs4dcXCKPs,GRU
1FJwXhRbqbmN5WaAecEUZxVFuo5SYwVWdc,GRU
1FK3dFoNi1dgdYC3JqKfJNJFvUfQ5muce1,GRU
1FN7MtoLpYE1MqkNacv33ZKvFRtrn8zYiC,GRU
1FQZ4BDuoz9Q9y9k1v8zuEVDMSahTgK9fo,GRU
1FSMTSq7ABn9B1323GFtDnmofwqv6bfE5e,GRU
1FULJdUBLogAHJy6EAv6ixZQXB6SzDPcpT,GRU
1FX5D67ibBGorqwSjGK7E6fHHmoc4ZNEm6,GRU
1FarYxtksYbhYBLrD7sDhEhwmpLUVKLC8j,GRU
1Fd7yBazU6H41nVYNCm9XmpRhKzhPR3vve,GRU
1FfSmpeWr3dRB75x7KauJdotprNB5uwT96,GRU
1FgXipN66ykBeuPPGZLif8XWxwxgGTXNBa,GRU
1FhQqL9AeCuUG3uKYrFyboSFgcDYB7TRHk,GRU
1Fpumc3872x2Bn27go3agn5gLuEUNumLvA,GRU
1FsdfxJTmYBDZEW1cmoBteW91Kp7iyRyYZ,GRU
1FwvVp6Frm32crf9qtmo84Hxj8QBjP6xLv,GRU
1FwzV2EQzVwisJo8kNQsvYdejNuzXsWofF,GRU
1G2QFfCR6wtzEh7KAYhZVuvetBiuWNEovR,GRU
1G74kfcass7kmT7rDXujW7k8qYUdAJUNSG,GRU
1GKqGxTZHS14mKRRmpXzw3bBpvk4UDqgE7,GRU
1GMHnUr6YyhQZBmvVeN61jRmezHCE5hRz9,GRU
1GQ6oanoErE8dwpFFeknXtGYWUNTXD9SLh,GRU
1GRARe58127hMsqsXHbBUAj1cyh2wZaPPv,GRU
1GRZ41DbeQxubUEKZnxC4RchaFiu6bCzWZ,GRU
1GTxze5jh8JtNEMJTah3GcRhhKDdfS84sk,GRU
1GYw2JLm6D5AZLfLYVSPhhfg3QpXpFW2es,GRU
1Gb9Fj9xgCwey9vGvWaJsVmcVCrKQsqf3W,GRU
1GeHJ7PZxaAKD7cn4dDK55MpW4YQRBsf31,GRU
1GfEtKBbMEPmvzCFesB18DoFKoWvWN9w1d,GRU
1GihG4sLMicNp85GRK6Ds67AbbGrvjh32d,GRU
1Gj9yYt3ZFYfnoUZebueFcRGZgDfz59D3X,GRU
1Gjcoq43rjfu7SHUhpKQQ13GpTeMwbW3zp,GRU
1GkiFLCnQULBmdhZK6YYVxzRWTNUuQmCyx,GRU
1Gv9wY6QJviqTcJREvTQNEsoqH24yGSxTr,GRU
1GxDU6HBpPkZPKZ6NtBA8QNDNDxp2vgNyg,GRU
1Gyk5iviURTFNAYXMeuV9RzBtRoAbUpJhw,GRU
1GzfEqDd5CEmFUUU9eQwava11pmNJnCB7g,GRU
1Gzi9xHiTqv1hd86snweqkDe38HeGcPv5n,GRU
1H1nZ9vMxvqE7XzJ9cCChD3qDR4AAeD1sT,GRU
1H1tKxvtRSZNCgje73NWfpfXh2qWcbDU27,GRU
1H2B645LGcw9VwhJtvMG9XomG1TuEoyqi2,GRU
1H5HhozyAtVfMoMobdVZiWFv2Vp8FZMb1U,GRU
1H5sdb72NTHKvXNtvwtRUt7cP5ppy4Eyde,GRU
1H7LFsHpWCuKZes3XZpgaV1LnaNMbGPZKH,GRU
1H7rwoWToaCQmTudoHuEtwFRBca8HB9xn2,GRU
1H9hdXYiXB9uhu3d9ipVLUEKkMpuUcQ8FD,GRU
1HAtVAnhokhB7WfdZ4s9H3rjCdLaEmjP2T,GRU
1HDAJ7fN7jQEnKkpZTw14qib9naTEXb5eo,GRU
1HEVBcndowdyc7XHLh4Dn7y2wpyAii6Ac6,GRU
1HFL9ixQfTNR1Zd2e1cqLDqjT3DrbV5ADW,GRU
1HG9dVptDgwb6w4XQHkZod6pwjtxmauyhm,GRU
1HHDxqSG8RqgTLGq9U3VPeiWiLbgeVd5zF,GRU
1HHueGPJWnEfvJ96riodqcRBHH1usnYCxg,GRU
1HK8paixHoJenk5gL9tJJxZSzrGGEuKHsD,GRU
1HKBmi7fgYBhtg3ToHBStKQ2kztWtjiZky,GRU
1HL1r3fjVShh4zyKnscUjzUKT6EqzzxcqR,GRU
1HL1zxVtwCwfBGT4obFpojcVavxuvhfHYB,GRU
1HLLjD6o4t6HJiwKTEq8RMv8uWscAFwdKe,GRU
1HN5joGcL7MDrHW9chahWNNW26zdH4ZEeT,GRU
1HNNV411ULtRKAWbLpvnzR58cQxp9E7HDg,GRU
1HPh2eNcqFrUuZq5fUa9mbXjr9ctsd4Wp2,GRU
1HR63NG8teD9xdZEPzgjvjsBCwaNxm7Nwi,GRU
1HW8owimV32cbKNxocCPpnwVeGpu356AyG,GRU
1HWZKCb2VwLBTciw1W6ZNqJj99JBECwPRT,GRU
1HaLMFv1BFoKLHK1JaDsxtmNLE9VNDhNkg,GRU
1HapmcmAsqfjNwB1BQ1QpxgLN2QLJHK3HK,GRU
1HdUmHgaRWdJSiS973KGG6nhVucfLSDFPz,GRU
1HdcPPLaLZVh7L9j1LDBKR1Xf19w1dcF9g,GRU
1HddkSkLkky2ZVDvgHp97tjCLYJ47qdmeG,GRU
1HkKDy3hupZB4cbo5nzpzh14cDFdiZZEGA,GRU
1HnxxYEoi249JXW4aBhLDjuU2z3YuxnJAe,GRU
1HqhxPmNdty9UjGcjDUfcwZuNoQuKSKLM8,GRU
1HtN5s5PV6VeazcXUZUaP8KunVH1zzH1K7,GRU
1HtuA2VD7heVdPPrcwJLLmpmrNx7ARzYmD,GRU
1HzCPggKnvfDzDPsf3yBejcjYMZenx7o8Q,GRU
1HzyqgZVh1D6L3DUAHKSW6pKzb7o2so1Zo,GRU
1J1oigE8boPkygLysNB9dmhfeR1RL5BVXU,GRU
1J2T56GYapbetksGYfGWP6MYU8kPkcgDF5,GRU
1J35aZooyfF9pWkEsyHxyf4XCij68V2WTi,GRU
1J4d4Ddv3qbmVd7jmfjKB88QPfSEReZEvc,GRU
1J8JdzfLwb4cNRc7djN8BZCqoqD83Wvyvb,GRU
1J8UTypBvKEzQ9Cqe3qbbFaPa1d4H9TNXc,GRU
1JAQCbAomQQ8XAKHX7nirwKYcVaJHwg8x9,GRU
1JEJrWdrDvKKNncDV7ZRc5M9BBrfcUGdMr,GRU
1JH6B8X9ggVdVBXqTKUC7MTX1vaJd6UbC9,GRU
1JL2pBLJW6DSFwmuyNSXcPPhg3kj9yk8oW,GRU
1JLqVxCyahYg8CF3FpSymNwRLXk34YKvTJ,GRU
1JMHSCqY3zfNjv4i7PUtjNwF7Jeg7bQQ33,GRU
1JWsVZMRYy6VEJ1tZ5qVko5p7rZX3tR5rd,GRU
1JX7ZC41wECSAHUQLCjEVCwUr2SCRAzbYG,GRU
1JeePMoXzQUbZykA93EzHCsibGagnTqAUn,GRU
1JfRQTaME9L8EfuvmoNhwdhXdkZCFGVskm,GRU
1JfgecnfxeXJZXudXdE1AcdZLcTcCgKQGS,GRU
1Joc93oWAQHx8yQZSYC1SrQuNNaeUTTbsB,GRU
1Jr52fskrpKa9yKDRqsrS5Ck9NQKyJB5tL,GRU
1JwgYurYt5CD18tMYbTLRnJ9L7GYL7myCm,GRU
1JxEnkmbAjbzBpMrk4kF2S37oqkAYJ43cP,GRU
1JxZEiyqzLkLZ6Sb6ZsECUtmNJn8wU3v5m,GRU
1K2ZEagw91NxQccpMGcp6zgxq9iryFZE7J,GRU
1KA1q5LPpSgX5FfXJPpehBwMVwZvcQks2H,GRU
1KEk7bRVwBB3bJrXmdbPwcpYEwPrkbBBdn,GRU
1KF7yjCSAb3s8SDQ8SzVaKU5UVi5PGoKXf,GRU
1KJYM7f2DFMM5SCv6E7AAp83p8vKbUsWyr,GRU
1KL2WzV6mrCgPsdj9S43tHyJsz3pTeUsFQ,GRU
1KPSyJ8dLDcVfUEcVjLbvPnmHqKQLh9Zfu,GRU
1KWKWbe3vHE9iHJnRnqaZUSrNYyxeKrKzZ,GRU
1KWYqpbQwnpJWJHhBRF5pvco5myYo2aGfi,GRU
1KWfv1gfTRarbipVybZdEiGteAQezSZppR,GRU
1KaUDqPrWKLUKGtQd1Hvr9oomFsnq8CGXV,GRU
1KdCLGVq8Z7HoHog76511SAAcQ6RgpU6Ub,GRU
1KdogQJVTVf8XPhcVgM3JTpmVs3L2RnrEU,GRU
1KdqYJLCTECnMXdcKYbvKMvaDXiTSZzQjM,GRU
1KfndJjTs7wsgNKurNjrhnM1S7g91Cys3c,GRU
1KhYDsRVNr24w2Gtr2sKQN2XCMu3rRyj8p,GRU
1Kibq1tb8kjy3RCG5nnxhWMfQoybDw7FTw,GRU
1KkGg6RtDW4Qe4aBQsmsVYXdN1zByykEKi,GRU
1KmX2DsREBz2BWJzhETbBoHr1myXPbG3xd,GRU
1KnS3hLs9LqyWAXBhNEfpC1TXcvSiyM4pE,GRU
1KsNw1ENkLD88q8KmwJHbCWPebxwzLMecu,GRU
1KsqCsmh6wUCLz9HJGHCnu9REBLMUqSKUx,GRU
1KuDDmPuVoT4g69qhkEmNe7f2c9EfYAorU,GRU
1KwVg2XXYdiwK9QdhxS3JAjbCWKQFVT5sg,GRU
1KxvqsXMqNSojxtcZmXkVs76mTCLRcUfeE,GRU
1KyrkuPA3QNpDcyk34R3Q4g8SW3cPLanpR,GRU
1L1H6GiLxuTZjMZhMNfN4po7gfc79xVwAP,GRU
1L6dudjkaet8QykqNNCu6xv5MR68LXtQ4E,GRU
1L783Ydajt29gfSTAnChTjPAffcbRQcXBM,GRU
1L7jq8xzBCDdNcBDAweoQcJJrRTZxJK46o,GRU
1LCBWpQxroqQRDD89GjYQmFXBEeaRfLy3o,GRU
1LDEbXiWJM1nti7vn1NfZFzesnZAmrQpo1,GRU
1LEbiezqZEaxa935MPDAixV67eX9Egk9id,GRU
1LFRtZG7NtRU6n2NoBRascCn42xdch5YDD,GRU
1LNwTzMCsDY4YgdjWPubxgDeqCyEgzLxPv,GRU
1LRQxDRf8eM3X4LAFKkJpgRGqZDL6UonFw,GRU
1LS3DKtofcEMqBJMiu4UqBNQ42CnCrfubg,GRU
1LcceNYT7iH9WjcndBkSRJvHUW2YKL7EJq,GRU
1LcsNazgsworCBSn8qLKVNwHaCMdxCiKWo,GRU
1LdDiwPkfS3ysfMMwuTRP19L7KbxSqL7VB,GRU
1LihgjYddgAo2j22LuCtWTm9BSA1xQMJhZ,GRU
1Lo5PAUzLpzM9iHNfPQsZ4e9bJmGCw5FSM,GRU
1Lp9H1TJqe4Q4NyBj8Xfh4cWrygM9Csr19,GRU
1LsVcLjFvCAG1cLDyCFC6NrFFz8NVVZ5AE,GRU
1Lt6KDxnDFXqnc3fF4RFAC3KaMCXwQoFUx,GRU
1Lv6f461CoHhUhVozNCarcf5xWC9m7yMXq,GRU
1LxrUSzcWLF9M1NPgMMRXCKD4bWm34eJpX,GRU
1LxzLKGXXppfNrhz48kD6bCc65vnYKqiNG,GRU
1Lza2BfJfHngW8nfKYZu91pphRmoBBYfZH,GRU
1M146HC2dWpc1sVw41eiUPoNAznQWzNDT8,GRU
1M5PXcLDXrgRomp7tbynFYu91bpKWCtQ4V,GRU
1M73sW126eEdBuHyBAoQTqHMV9ANCb7DRx,GRU
1M95HyhngUYtBaRyXnY8bAMkBK7VHcZwt3,GRU
1MADae1ww9DDr7p8mnqcy8Mbn3owryShyk,GRU
1MEAa6G37nKkmHCDSWxMPCANJCBWzmpUkD,GRU
1MNi98y1ZBQ9KASubj57U93EATQvc9mWyR,GRU
1MQaPQSffEryb8fvWYyB4deGNRk5nSgAgN,GRU
1MRVBeRH4sNhncKSietkUnxXPzMMi152aR,GRU
1MTCW8gFMnyNtHKuP1etdWDChyr25t3aZe,GRU
1MXrcaDB7Y3DzYAsFAXacjk1yzb2AMnhUy,GRU
1MZTwMUzrKTs6dvYbE3co1KfEWC5tDYkeK,GRU
1MarvnYFsVHfKV2FVkGUit2bt8jCNfNCju,GRU
1Meeho156CfBiUSzgLuK3wksrpfv4JjkPg,GRU
1Mfa5EXFH5aSfyXPY4MUpM3x31fpE5WKF5,GRU
1MhiSwyKh6ndpASKJsF6GWVWyLJcG7HcR6,GRU
1MhoJ8HvAVvjLhkUbRte3JsurVGLJ6MB75,GRU
1MiUoAFKENatAzu2aBP58gm8iHQSPfaDHp,GRU
1MoiMiujMMPEPw3VB6Czd3HHDJ7XcMKshR,GRU
1MtEf1EJrPqGwumNyrSG7dtHLXGUSD3zvD,GRU
1MwS3taRjFdnhVV8iQ7YU4SCRgh5hqosSu,GRU
1MwT1xzmP7AN9ULDeV5K9v8jBkmys1CJkU,GRU
1MxWpBBnpTHdwTs7rroiFUTLhwST3T7pGq,GRU
1MyQFTPjRvmQoatrTYxWGFrmFAEPDniprR,GRU
1Myk98VZYwZZY3nYkqhttgS9m7XczS86rV,GRU
1MzPiNo2bdTefi8qythjoahyiHrgRjWD6W,GRU
1N1qzpPpg5pDXyEeGDAssS2enidaVVSPYe,GRU
1N34erwKXuXGyeFfVD3QFgdhds6ZwvZLT9,GRU
1N3aGnga3m5a4WLC7o2TyZeGTmct548XHx,GRU
1N4QjTyeJuXZnaSLW3MLMZNLMMCnwUMjG7,GRU
1NB5zoByvq4XdsHDAexqHQ1nppEmApY6Bw,GRU
1NBRd2BjMLM62YA7jGAWFf2dRgDWYqiiZk,GRU
1NEuKKa6HzknTZGX5KJweW25s9TJS6LcSG,GRU
1NHTdvkZrBNWPyNpDMVzr6aHUDNgZCqVym,GRU
1NM2XA6gAB8uQq9CoUd1xaRdEvPXVkzGec,GRU
1NQTim1edpsdG3wiRS1gyUF2h2Aq9uSWYo,GRU
1NS42JTNJX6oCjEuE7j96ZjP7D5UaW1i8m,GRU
1NTgZrQ2h8k1UtMW8aj5ZfnwznBNnoNeKW,GRU
1NUQwidM3pJ4hxLryarKzAx4pdKQmJXZa2,GRU
1NYwgLMqpK14ZTp2X9y3LYBhZ1WTVyzTT6,GRU
1Nax1sSjtUNWcQrgJ7w6b5inVQnZLxjvcA,GRU
1NbfqevPwadQJNDvf1XhufwUowe3NjiMtZ,GRU
1Nbq7PW75zmC5oDd9jHNmKkCdXerUfrAkh,GRU
1NfPLqAfKjxpDMYC6RwQsqNRFEb6DQ5FLX,GRU
1NjdqyXA3EgUWXF6tsviUSbyxYE4TgLWmY,GRU
1NkZk783aSNwwYvnKSmaiZiG3fhobqch35,GRU
1NpWCVQy6nnMjrNRdq5hHX9pLGf5ePMXLU,GRU
1NsBxBjiDTmcNr1r6ujgthR9EBm2e4aPMN,GRU
1NseSvBV53UHFhhUB5F1uTKgCSDPd2iii2,GRU
1Nv6hnWgk4KmHc2BKmeJPNj1UEigeqFSpF,GRU
1NwREyYw9AWw5jmkxchFTjtRjc64JA3Xba,GRU
1P47kYLp9gx1fY9ic1frCPRSRiw3TnUKmp,GRU
1P4dVZzDS7FTs5r19TkfdY1JdfaEQMBH2w,GRU
1P4jfG7nYzW6ecqmecLG991bW3yhaU9UTy,GRU
1P8gobcgkijqArtinTW3RLzZYigSZbZU59,GRU
1P8o1s1vAZf62WpEX54bdAxtdRRvz8tTWe,GRU
1P9LQYmB61peTBbpmATLbwbhbWvRDDwuWH,GRU
1PBBBBgwgYifu54JRwEMU51e9TJpwfq4mh,GRU
1PCyUqVUBaaFxzvok7Kkp6cyz8XNiroEjz,GRU
1PEwCdWJPDvBBeomkCHYaUTzv2PR2qLuyL,GRU
1PFgB7CyQ3mHLUoaYJaUV9zZ5Zti2AAfmV,GRU
1PHD4KATgkxmzRbgjkha9jASifvaVpY7ft,GRU
1PS5ET4nCGEAGw4x738HSCcNepwZMRyX9i,GRU
1PSGPEHwT3GyAzuq9SHYecbwJyDNizMzCB,GRU
1PbowutubdKyRQKff52w1jYhJ3NG1di5HF,GRU
1PdvNyTUCapbhXk95RMLFDKb14sFMa7ryr,GRU
1PiAvcssfyzhJDZN5Fks9mjjcVqM1mQU6v,GRU
1PiRtMQyLzK5oNcYfm3y6JiEBu3KCZeLnY,GRU
1Pk4SCTxMVK1rGATshR8o3LEsm2PYG6Djs,GRU
1PnCDCppyJMD19drFYQHGhZ7GkqMR9UKhq,GRU
1Pq8C1f6rTzdePWUyrtLbR7WH1FfNAuHJ3,GRU
1Pujgb5u1XEsT4rf3PFVK5JuoXBD1ZUvFU,GRU
1PusvYre4NM7eKXNuhwqNy52VNkz2qF9M2,GRU
1PyFy1JbwAFgEaeWYrX6XTEX115nDC5kjK,GRU
1PzR2V4cMNGXRwuZEPoHUN3RRz54fpEYTm,GRU
1Q1smeojrGie1PixnyALR1qnkCZRvaJRy3,GRU
1Q1wynQgr5G2RSARVyLieCyuTcT2RhNTT1,GRU
1Q8wEtyc14uE8RN61XMdr7bjA7gFSvKm2u,GRU
1QD5bSeTWovE9fPLDRy6qKSApumHZwuc4w,GRU
1QDpfdZdmY647NbnrwcFoneRNQww6iewmB,GRU
1QFZEUPYHvw4LCggKKTpLsqRP4NawK9X94,GRU
1QGAcLQ4XjMkqGpRaPU6mXLRhdKFLuikrf,GRU
33kBAk2hE9jBWxWfAKqTGNLAh63MK1YYU1,GRU
35XNXHHnWXrmj7gRsJB1YpiCNJVWC16jjF,GRU
372B1cnshASeLomKGeFWMSg6sLsDJ4YgHv,GRU
3Gtmb1phYRRQ1QhAo81cfj735JuHDm8DGj,GRU
3HgTzT4Rezq5nb5d6gyFPmzbW4Anbh9WE3,GRU
3MrLuWuGAv36qKBDkAehaLyS8Pw6j7pZcQ,GRU
3NqgMBM1uk1XFtZdtoAf75KfPadsD1HMeD,GRU
12SXCKhvBExNBoHPGgBq6NqBnJrNGrkmmY,GRU
19qpWDnz4Gfcbwbtxs8jeyeYxztqsjFfvo,GRU
1LozUSdEBNZWYuQ9ixamunKJEFmaUJGKLS,GRU
1DUkgZDtc2Vf1RUuzQ1N5QJSDZBvGbX5a1,GRU
1PeKp2aJ4owsw58vthfabtZXEAY3YGXKi,GRU
13DkYNKZ6o95M25B7SuGcMJoJveU2K8Mf2,GRU
1DH8iLmienW7CCKbRHT25kLaN6gqpkig7p,GRU
1AtmNMxsT2yLGdtLQvr3AdwwkNHqkNBM7h,GRU
1LhMDNT9QgE5yZHX9NbYaQXwWWTg3PS4QH,GRU
